<?xml version="1.0"?>
<opencv_storage>
<cascade>
  <stageType>BOOST</stageType>
  <featureType>HAAR</featureType>
  <height>20</height>
  <width>20</width>
  <stageParams>
    <boostType>GAB</boostType>
    <minHitRate>9.9500000476837158e-01</minHitRate>
    <maxFalseAlarm>5.0000000000000000e-01</maxFalseAlarm>
    <weightTrimRate>9.4999999999999996e-01</weightTrimRate>
    <maxDepth>1</maxDepth>
    <maxWeakCount>100</maxWeakCount></stageParams>
  <featureParams>
    <maxCatCount>0</maxCatCount>
    <featSize>1</featSize>
    <mode>BASIC</mode></featureParams>
  <stageNum>5</stageNum>
  <stages>
    <!-- stage 0 -->
    <_>
      <maxWeakCount>4</maxWeakCount>
      <stageThreshold>-7.6658165454864502e-01</stageThreshold>
      <weakClassifiers>
        <_>
          <internalNodes>
            0 -1 13 1.2440081685781479e-02</internalNodes>
          <leafValues>
            -9.5645409822463989e-01 4.9420586228370667e-01</leafValues></_>
        <_>
          <internalNodes>
            0 -1 7 -2.9515812173485756e-02</internalNodes>
          <leafValues>
            7.3344963788986206e-01 -5.0367909669876099e-01</leafValues></_>
        <_>
          <internalNodes>
            0 -1 18 -1.6770124202594161e-03</internalNodes>
          <leafValues>
            3.7306189537048340e-01 -9.3106174468994141e-01</leafValues></_>
        <_>
          <internalNodes>
            0 -1 19 -2.6184326270595193e-04</internalNodes>
          <leafValues>
            -9.4364142417907715e-01 3.2048970460891724e-01</leafValues></_></weakClassifiers></_>
    <!-- stage 1 -->
    <_>
      <maxWeakCount>4</maxWeakCount>
      <stageThreshold>-8.6571872234344482e-01</stageThreshold>
      <weakClassifiers>
        <_>
          <internalNodes>
            0 -1 11 6.0119084082543850e-04</internalNodes>
          <leafValues>
            3.3378016948699951e-01 -9.8031497001647949e-01</leafValues></_>
        <_>
          <internalNodes>
            0 -1 8 2.6722386479377747e-02</internalNodes>
          <leafValues>
            -4.8444724082946777e-01 7.5684589147567749e-01</leafValues></_>
        <_>
          <internalNodes>
            0 -1 9 -1.4830867294222116e-03</internalNodes>
          <leafValues>
            -9.6908217668533325e-01 3.6811450123786926e-01</leafValues></_>
        <_>
          <internalNodes>
            0 -1 6 1.6434898134320974e-03</internalNodes>
          <leafValues>
            2.3092897236347198e-01 -9.8063564300537109e-01</leafValues></_></weakClassifiers></_>
    <!-- stage 2 -->
    <_>
      <maxWeakCount>4</maxWeakCount>
      <stageThreshold>-9.0842783451080322e-01</stageThreshold>
      <weakClassifiers>
        <_>
          <internalNodes>
            0 -1 10 6.9139534607529640e-03</internalNodes>
          <leafValues>
            3.6965516209602356e-01 -9.7454547882080078e-01</leafValues></_>
        <_>
          <internalNodes>
            0 -1 21 -1.5646006911993027e-02</internalNodes>
          <leafValues>
            6.2168329954147339e-01 -5.3947782516479492e-01</leafValues></_>
        <_>
          <internalNodes>
            0 -1 15 -1.0772584937512875e-04</internalNodes>
          <leafValues>
            3.3642044663429260e-01 -8.8519442081451416e-01</leafValues></_>
        <_>
          <internalNodes>
            0 -1 5 1.2148269452154636e-02</internalNodes>
          <leafValues>
            2.6917499303817749e-01 -9.2089861631393433e-01</leafValues></_></weakClassifiers></_>
    <!-- stage 3 -->
    <_>
      <maxWeakCount>5</maxWeakCount>
      <stageThreshold>-1.0944656133651733e+00</stageThreshold>
      <weakClassifiers>
        <_>
          <internalNodes>
            0 -1 2 -1.0596302337944508e-02</internalNodes>
          <leafValues>
            6.7574578523635864e-01 -4.2392188310623169e-01</leafValues></_>
        <_>
          <internalNodes>
            0 -1 1 1.2292957399040461e-03</internalNodes>
          <leafValues>
            -8.7036484479904175e-01 3.4009659290313721e-01</leafValues></_>
        <_>
          <internalNodes>
            0 -1 0 3.9692357182502747e-02</internalNodes>
          <leafValues>
            -4.6022623777389526e-01 6.2295675277709961e-01</leafValues></_>
        <_>
          <internalNodes>
            0 -1 12 -7.4816923588514328e-03</internalNodes>
          <leafValues>
            -8.6446899175643921e-01 3.3057141304016113e-01</leafValues></_>
        <_>
          <internalNodes>
            0 -1 20 -4.5430106110870838e-03</internalNodes>
          <leafValues>
            3.1405493617057800e-01 -6.8827086687088013e-01</leafValues></_></weakClassifiers></_>
    <!-- stage 4 -->
    <_>
      <maxWeakCount>6</maxWeakCount>
      <stageThreshold>-6.4152818918228149e-01</stageThreshold>
      <weakClassifiers>
        <_>
          <internalNodes>
            0 -1 4 4.0735108777880669e-03</internalNodes>
          <leafValues>
            2.9743927717208862e-01 -9.4968551397323608e-01</leafValues></_>
        <_>
          <internalNodes>
            0 -1 3 1.0848406236618757e-03</internalNodes>
          <leafValues>
            -8.4093666076660156e-01 2.5292557477951050e-01</leafValues></_>
        <_>
          <internalNodes>
            0 -1 14 -1.8696015467867255e-03</internalNodes>
          <leafValues>
            2.3489321768283844e-01 -9.5709294080734253e-01</leafValues></_>
        <_>
          <internalNodes>
            0 -1 16 -1.1440490372478962e-02</internalNodes>
          <leafValues>
            -8.8200777769088745e-01 2.5273409485816956e-01</leafValues></_>
        <_>
          <internalNodes>
            0 -1 17 -2.7139874873682857e-04</internalNodes>
          <leafValues>
            2.2174535691738129e-01 -9.6379739046096802e-01</leafValues></_>
        <_>
          <internalNodes>
            0 -1 22 -1.3888518325984478e-02</internalNodes>
          <leafValues>
            4.8060098290443420e-01 -4.7669577598571777e-01</leafValues></_></weakClassifiers></_></stages>
  <features>
    <_>
      <rects>
        <_>
          0 6 6 7 -1.</_>
        <_>
          3 6 3 7 2.</_></rects>
      <tilted>0</tilted></_>
    <_>
      <rects>
        <_>
          5 7 9 5 -1.</_>
        <_>
          8 7 3 5 3.</_></rects>
      <tilted>0</tilted></_>
    <_>
      <rects>
        <_>
          5 17 11 2 -1.</_>
        <_>
          5 18 11 1 2.</_></rects>
      <tilted>0</tilted></_>
    <_>
      <rects>
        <_>
          6 3 2 6 -1.</_>
        <_>
          6 6 2 3 2.</_></rects>
      <tilted>0</tilted></_>
    <_>
      <rects>
        <_>
          6 7 6 4 -1.</_>
        <_>
          8 7 2 4 3.</_></rects>
      <tilted>0</tilted></_>
    <_>
      <rects>
        <_>
          6 7 9 7 -1.</_>
        <_>
          9 7 3 7 3.</_></rects>
      <tilted>0</tilted></_>
    <_>
      <rects>
        <_>
          6 8 8 2 -1.</_>
        <_>
          10 8 4 2 2.</_></rects>
      <tilted>0</tilted></_>
    <_>
      <rects>
        <_>
          6 16 10 4 -1.</_>
        <_>
          6 18 10 2 2.</_></rects>
      <tilted>0</tilted></_>
    <_>
      <rects>
        <_>
          7 0 9 4 -1.</_>
        <_>
          7 2 9 2 2.</_></rects>
      <tilted>0</tilted></_>
    <_>
      <rects>
        <_>
          7 8 4 4 -1.</_>
        <_>
          9 8 2 4 2.</_></rects>
      <tilted>0</tilted></_>
    <_>
      <rects>
        <_>
          7 8 6 6 -1.</_>
        <_>
          9 8 2 6 3.</_></rects>
      <tilted>0</tilted></_>
    <_>
      <rects>
        <_>
          7 9 4 1 -1.</_>
        <_>
          9 9 2 1 2.</_></rects>
      <tilted>0</tilted></_>
    <_>
      <rects>
        <_>
          8 4 6 8 -1.</_>
        <_>
          11 4 3 8 2.</_></rects>
      <tilted>0</tilted></_>
    <_>
      <rects>
        <_>
          8 4 5 12 -1.</_>
        <_>
          8 8 5 4 3.</_></rects>
      <tilted>0</tilted></_>
    <_>
      <rects>
        <_>
          8 8 1 8 -1.</_>
        <_>
          8 12 1 4 2.</_></rects>
      <tilted>0</tilted></_>
    <_>
      <rects>
        <_>
          8 8 6 3 -1.</_>
        <_>
          11 8 3 3 2.</_></rects>
      <tilted>0</tilted></_>
    <_>
      <rects>
        <_>
          9 3 1 14 -1.</_>
        <_>
          9 10 1 7 2.</_></rects>
      <tilted>0</tilted></_>
    <_>
      <rects>
        <_>
          9 4 2 12 -1.</_>
        <_>
          9 10 2 6 2.</_></rects>
      <tilted>0</tilted></_>
    <_>
      <rects>
        <_>
          9 6 1 10 -1.</_>
        <_>
          9 11 1 5 2.</_></rects>
      <tilted>0</tilted></_>
    <_>
      <rects>
        <_>
          9 7 1 4 -1.</_>
        <_>
          9 9 1 2 2.</_></rects>
      <tilted>0</tilted></_>
    <_>
      <rects>
        <_>
          9 11 3 6 -1.</_>
        <_>
          9 13 3 2 3.</_></rects>
      <tilted>0</tilted></_>
    <_>
      <rects>
        <_>
          16 8 4 5 -1.</_>
        <_>
          18 8 2 5 2.</_></rects>
      <tilted>0</tilted></_>
    <_>
      <rects>
        <_>
          16 9 4 4 -1.</_>
        <_>
          18 9 2 4 2.</_></rects>
      <tilted>0</tilted></_></features></cascade>
</opencv_storage>
