<?xml version="1.0"?>
<opencv_storage>
<cascade>
  <stageType>BOOST</stageType>
  <featureType>HAAR</featureType>
  <height>20</height>
  <width>20</width>
  <stageParams>
    <boostType>GAB</boostType>
    <minHitRate>9.9500000476837158e-01</minHitRate>
    <maxFalseAlarm>5.0000000000000000e-01</maxFalseAlarm>
    <weightTrimRate>9.4999999999999996e-01</weightTrimRate>
    <maxDepth>1</maxDepth>
    <maxWeakCount>100</maxWeakCount></stageParams>
  <featureParams>
    <maxCatCount>0</maxCatCount>
    <featSize>1</featSize>
    <mode>BASIC</mode></featureParams>
  <stageNum>5</stageNum>
  <stages>
    <!-- stage 0 -->
    <_>
      <maxWeakCount>14</maxWeakCount>
      <stageThreshold>-1.4359104633331299e+00</stageThreshold>
      <weakClassifiers>
        <_>
          <internalNodes>
            0 -1 31 2.6142746210098267e-03</internalNodes>
          <leafValues>
            -6.9134253263473511e-01 5.0342726707458496e-01</leafValues></_>
        <_>
          <internalNodes>
            0 -1 16 2.7339257299900055e-02</internalNodes>
          <leafValues>
            -3.7071931362152100e-01 5.9895348548889160e-01</leafValues></_>
        <_>
          <internalNodes>
            0 -1 77 -2.2420918103307486e-03</internalNodes>
          <leafValues>
            4.9538159370422363e-01 -3.2329443097114563e-01</leafValues></_>
        <_>
          <internalNodes>
            0 -1 15 -6.2366831116378307e-03</internalNodes>
          <leafValues>
            5.8274632692337036e-01 -2.4062231183052063e-01</leafValues></_>
        <_>
          <internalNodes>
            0 -1 60 -1.2785166501998901e-02</internalNodes>
          <leafValues>
            5.1857692003250122e-01 -2.3097752034664154e-01</leafValues></_>
        <_>
          <internalNodes>
            0 -1 20 -1.4625801704823971e-03</internalNodes>
          <leafValues>
            3.5696789622306824e-01 -3.0280730128288269e-01</leafValues></_>
        <_>
          <internalNodes>
            0 -1 19 3.4857771242968738e-04</internalNodes>
          <leafValues>
            -3.5059097409248352e-01 3.6034002900123596e-01</leafValues></_>
        <_>
          <internalNodes>
            0 -1 38 -6.2878697644919157e-04</internalNodes>
          <leafValues>
            -5.8698225021362305e-01 1.5954053401947021e-01</leafValues></_>
        <_>
          <internalNodes>
            0 -1 36 3.0600037425756454e-03</internalNodes>
          <leafValues>
            1.6162630915641785e-01 -8.3792841434478760e-01</leafValues></_>
        <_>
          <internalNodes>
            0 -1 9 -2.8814209508709610e-04</internalNodes>
          <leafValues>
            2.7818930149078369e-01 -3.4708067774772644e-01</leafValues></_>
        <_>
          <internalNodes>
            0 -1 59 -5.5865122703835368e-05</internalNodes>
          <leafValues>
            -3.7822955846786499e-01 2.2900396585464478e-01</leafValues></_>
        <_>
          <internalNodes>
            0 -1 74 2.5504785589873791e-03</internalNodes>
          <leafValues>
            -2.4555933475494385e-01 3.8697445392608643e-01</leafValues></_>
        <_>
          <internalNodes>
            0 -1 52 5.0140111707150936e-03</internalNodes>
          <leafValues>
            1.1005663871765137e-01 -8.2373368740081787e-01</leafValues></_>
        <_>
          <internalNodes>
            0 -1 51 -3.3176217693835497e-03</internalNodes>
          <leafValues>
            3.8408076763153076e-01 -2.7818864583969116e-01</leafValues></_></weakClassifiers></_>
    <!-- stage 1 -->
    <_>
      <maxWeakCount>14</maxWeakCount>
      <stageThreshold>-1.2806308269500732e+00</stageThreshold>
      <weakClassifiers>
        <_>
          <internalNodes>
            0 -1 30 2.7710694819688797e-02</internalNodes>
          <leafValues>
            -4.3135517835617065e-01 5.5912744998931885e-01</leafValues></_>
        <_>
          <internalNodes>
            0 -1 11 3.5054456442594528e-02</internalNodes>
          <leafValues>
            -2.7920913696289062e-01 5.9148162603378296e-01</leafValues></_>
        <_>
          <internalNodes>
            0 -1 18 1.1347546242177486e-03</internalNodes>
          <leafValues>
            -5.3905516862869263e-01 2.7655252814292908e-01</leafValues></_>
        <_>
          <internalNodes>
            0 -1 80 -8.9506115764379501e-03</internalNodes>
          <leafValues>
            4.5668482780456543e-01 -2.6610115170478821e-01</leafValues></_>
        <_>
          <internalNodes>
            0 -1 32 5.6299492716789246e-03</internalNodes>
          <leafValues>
            1.1039269715547562e-01 -8.4565049409866333e-01</leafValues></_>
        <_>
          <internalNodes>
            0 -1 27 -2.5291088968515396e-03</internalNodes>
          <leafValues>
            4.0901753306388855e-01 -2.7327102422714233e-01</leafValues></_>
        <_>
          <internalNodes>
            0 -1 12 -1.9305034074932337e-03</internalNodes>
          <leafValues>
            3.6271703243255615e-01 -2.2771175205707550e-01</leafValues></_>
        <_>
          <internalNodes>
            0 -1 42 -3.9929122431203723e-04</internalNodes>
          <leafValues>
            -4.8663711547851562e-01 1.9668895006179810e-01</leafValues></_>
        <_>
          <internalNodes>
            0 -1 56 9.4294501468539238e-04</internalNodes>
          <leafValues>
            -3.6223644018173218e-01 2.6682338118553162e-01</leafValues></_>
        <_>
          <internalNodes>
            0 -1 53 9.1406879946589470e-03</internalNodes>
          <leafValues>
            1.2007559835910797e-01 -8.4616118669509888e-01</leafValues></_>
        <_>
          <internalNodes>
            0 -1 37 1.3536449987441301e-03</internalNodes>
          <leafValues>
            1.0443241894245148e-01 -6.9196623563766479e-01</leafValues></_>
        <_>
          <internalNodes>
            0 -1 17 -4.5451894402503967e-03</internalNodes>
          <leafValues>
            4.2259535193443298e-01 -2.3785141110420227e-01</leafValues></_>
        <_>
          <internalNodes>
            0 -1 6 2.5594087317585945e-02</internalNodes>
          <leafValues>
            -1.7120707035064697e-01 4.8633027076721191e-01</leafValues></_>
        <_>
          <internalNodes>
            0 -1 76 -3.4541555214673281e-03</internalNodes>
          <leafValues>
            4.3961533904075623e-01 -1.8783049285411835e-01</leafValues></_></weakClassifiers></_>
    <!-- stage 2 -->
    <_>
      <maxWeakCount>17</maxWeakCount>
      <stageThreshold>-1.3479449748992920e+00</stageThreshold>
      <weakClassifiers>
        <_>
          <internalNodes>
            0 -1 44 -2.3531792685389519e-03</internalNodes>
          <leafValues>
            4.3151968717575073e-01 -4.9250534176826477e-01</leafValues></_>
        <_>
          <internalNodes>
            0 -1 16 6.1622153967618942e-02</internalNodes>
          <leafValues>
            -2.2744302451610565e-01 7.0357972383499146e-01</leafValues></_>
        <_>
          <internalNodes>
            0 -1 65 -1.0813847184181213e-02</internalNodes>
          <leafValues>
            4.4997653365135193e-01 -2.6866886019706726e-01</leafValues></_>
        <_>
          <internalNodes>
            0 -1 43 1.0633559577399865e-04</internalNodes>
          <leafValues>
            -5.1434296369552612e-01 1.7084948718547821e-01</leafValues></_>
        <_>
          <internalNodes>
            0 -1 41 4.1695090476423502e-04</internalNodes>
          <leafValues>
            2.1910135447978973e-01 -5.0121909379959106e-01</leafValues></_>
        <_>
          <internalNodes>
            0 -1 35 4.5045887236483395e-04</internalNodes>
          <leafValues>
            1.7335675656795502e-01 -5.4210597276687622e-01</leafValues></_>
        <_>
          <internalNodes>
            0 -1 55 2.5404617190361023e-04</internalNodes>
          <leafValues>
            -3.5341745615005493e-01 2.2973762452602386e-01</leafValues></_>
        <_>
          <internalNodes>
            0 -1 56 6.6796308383345604e-03</internalNodes>
          <leafValues>
            1.0790241509675980e-01 -8.2792025804519653e-01</leafValues></_>
        <_>
          <internalNodes>
            0 -1 29 3.5781478509306908e-03</internalNodes>
          <leafValues>
            -1.8225975334644318e-01 4.9061375856399536e-01</leafValues></_>
        <_>
          <internalNodes>
            0 -1 82 -6.3413139432668686e-03</internalNodes>
          <leafValues>
            5.4145210981369019e-01 -1.3624399900436401e-01</leafValues></_>
        <_>
          <internalNodes>
            0 -1 4 1.4094818383455276e-02</internalNodes>
          <leafValues>
            -1.8474063277244568e-01 4.3571487069129944e-01</leafValues></_>
        <_>
          <internalNodes>
            0 -1 78 -5.6888570543378592e-04</internalNodes>
          <leafValues>
            3.1148701906204224e-01 -2.5361955165863037e-01</leafValues></_>
        <_>
          <internalNodes>
            0 -1 5 9.3119852244853973e-03</internalNodes>
          <leafValues>
            -1.5655261278152466e-01 5.0998550653457642e-01</leafValues></_>
        <_>
          <internalNodes>
            0 -1 73 5.8862511068582535e-03</internalNodes>
          <leafValues>
            -1.6715592145919800e-01 4.0057167410850525e-01</leafValues></_>
        <_>
          <internalNodes>
            0 -1 47 -2.7912131045013666e-03</internalNodes>
          <leafValues>
            3.8888153433799744e-01 -1.7894279956817627e-01</leafValues></_>
        <_>
          <internalNodes>
            0 -1 46 7.0178215391933918e-03</internalNodes>
          <leafValues>
            -1.2225437909364700e-01 5.8283138275146484e-01</leafValues></_>
        <_>
          <internalNodes>
            0 -1 40 1.1576922610402107e-02</internalNodes>
          <leafValues>
            9.1690234839916229e-02 -8.8127154111862183e-01</leafValues></_></weakClassifiers></_>
    <!-- stage 3 -->
    <_>
      <maxWeakCount>23</maxWeakCount>
      <stageThreshold>-1.3137259483337402e+00</stageThreshold>
      <weakClassifiers>
        <_>
          <internalNodes>
            0 -1 13 2.3658286780118942e-02</internalNodes>
          <leafValues>
            -4.3716433644294739e-01 3.8072964549064636e-01</leafValues></_>
        <_>
          <internalNodes>
            0 -1 49 2.4862552061676979e-02</internalNodes>
          <leafValues>
            -2.1503920853137970e-01 6.1272394657135010e-01</leafValues></_>
        <_>
          <internalNodes>
            0 -1 64 4.6006222255527973e-03</internalNodes>
          <leafValues>
            -3.2842350006103516e-01 3.2018402218818665e-01</leafValues></_>
        <_>
          <internalNodes>
            0 -1 63 -4.9045337364077568e-03</internalNodes>
          <leafValues>
            4.6901521086692810e-01 -2.1201536059379578e-01</leafValues></_>
        <_>
          <internalNodes>
            0 -1 23 -6.8069319240748882e-03</internalNodes>
          <leafValues>
            4.8763445019721985e-01 -1.5480099618434906e-01</leafValues></_>
        <_>
          <internalNodes>
            0 -1 0 1.2576849199831486e-02</internalNodes>
          <leafValues>
            -1.8300634622573853e-01 4.2142009735107422e-01</leafValues></_>
        <_>
          <internalNodes>
            0 -1 66 1.5542474575340748e-03</internalNodes>
          <leafValues>
            1.5861396491527557e-01 -7.9881858825683594e-01</leafValues></_>
        <_>
          <internalNodes>
            0 -1 38 3.1970033887773752e-04</internalNodes>
          <leafValues>
            -4.8354443907737732e-01 1.0832946002483368e-01</leafValues></_>
        <_>
          <internalNodes>
            0 -1 8 3.1275067478418350e-02</internalNodes>
          <leafValues>
            -1.9045250117778778e-01 3.6379268765449524e-01</leafValues></_>
        <_>
          <internalNodes>
            0 -1 28 -1.5170082915574312e-03</internalNodes>
          <leafValues>
            3.3859553933143616e-01 -2.1792961657047272e-01</leafValues></_>
        <_>
          <internalNodes>
            0 -1 34 4.5051137567497790e-04</internalNodes>
          <leafValues>
            1.7378711700439453e-01 -4.4369289278984070e-01</leafValues></_>
        <_>
          <internalNodes>
            0 -1 68 2.5603177491575480e-03</internalNodes>
          <leafValues>
            -1.9209578633308411e-01 3.8323473930358887e-01</leafValues></_>
        <_>
          <internalNodes>
            0 -1 25 9.3481533229351044e-02</internalNodes>
          <leafValues>
            1.3440208137035370e-01 -5.7217347621917725e-01</leafValues></_>
        <_>
          <internalNodes>
            0 -1 67 1.1786003597080708e-03</internalNodes>
          <leafValues>
            7.9559274017810822e-02 -6.9782340526580811e-01</leafValues></_>
        <_>
          <internalNodes>
            0 -1 3 -1.8231753259897232e-02</internalNodes>
          <leafValues>
            -4.3831732869148254e-01 1.5401691198348999e-01</leafValues></_>
        <_>
          <internalNodes>
            0 -1 21 1.8179359904024750e-04</internalNodes>
          <leafValues>
            -2.8320237994194031e-01 2.3123481869697571e-01</leafValues></_>
        <_>
          <internalNodes>
            0 -1 56 5.4765539243817329e-04</internalNodes>
          <leafValues>
            -3.1234687566757202e-01 2.0796979963779449e-01</leafValues></_>
        <_>
          <internalNodes>
            0 -1 54 2.3244472686201334e-03</internalNodes>
          <leafValues>
            9.1701485216617584e-02 -7.2088551521301270e-01</leafValues></_>
        <_>
          <internalNodes>
            0 -1 14 -4.4265594333410263e-03</internalNodes>
          <leafValues>
            4.0535452961921692e-01 -1.8940500915050507e-01</leafValues></_>
        <_>
          <internalNodes>
            0 -1 81 -8.3231739699840546e-03</internalNodes>
          <leafValues>
            4.3513149023056030e-01 -1.6222888231277466e-01</leafValues></_>
        <_>
          <internalNodes>
            0 -1 7 6.0985242016613483e-03</internalNodes>
          <leafValues>
            -2.9327467083930969e-01 2.4760697782039642e-01</leafValues></_>
        <_>
          <internalNodes>
            0 -1 24 -3.1122439540922642e-03</internalNodes>
          <leafValues>
            5.4382181167602539e-01 -1.1171313375234604e-01</leafValues></_>
        <_>
          <internalNodes>
            0 -1 26 -9.4017642550170422e-04</internalNodes>
          <leafValues>
            3.3971440792083740e-01 -2.0102073252201080e-01</leafValues></_></weakClassifiers></_>
    <!-- stage 4 -->
    <_>
      <maxWeakCount>22</maxWeakCount>
      <stageThreshold>-1.2215778827667236e+00</stageThreshold>
      <weakClassifiers>
        <_>
          <internalNodes>
            0 -1 50 6.6869468428194523e-03</internalNodes>
          <leafValues>
            -4.5390069484710693e-01 3.3275562524795532e-01</leafValues></_>
        <_>
          <internalNodes>
            0 -1 48 1.1442922987043858e-02</internalNodes>
          <leafValues>
            -1.8357631564140320e-01 6.4032977819442749e-01</leafValues></_>
        <_>
          <internalNodes>
            0 -1 69 7.7754596713930368e-04</internalNodes>
          <leafValues>
            -2.5825312733650208e-01 4.1332390904426575e-01</leafValues></_>
        <_>
          <internalNodes>
            0 -1 39 4.3380411807447672e-04</internalNodes>
          <leafValues>
            -4.8260322213172913e-01 1.4747232198715210e-01</leafValues></_>
        <_>
          <internalNodes>
            0 -1 42 1.7588974442332983e-03</internalNodes>
          <leafValues>
            1.3077852129936218e-01 -5.2740103006362915e-01</leafValues></_>
        <_>
          <internalNodes>
            0 -1 72 2.8290087357163429e-02</internalNodes>
          <leafValues>
            -1.0400955379009247e-01 6.1376327276229858e-01</leafValues></_>
        <_>
          <internalNodes>
            0 -1 79 2.1931333467364311e-03</internalNodes>
          <leafValues>
            -2.9927882552146912e-01 3.2398334145545959e-01</leafValues></_>
        <_>
          <internalNodes>
            0 -1 19 7.7811774099245667e-04</internalNodes>
          <leafValues>
            -2.5489792227745056e-01 2.6879343390464783e-01</leafValues></_>
        <_>
          <internalNodes>
            0 -1 33 1.7622394952923059e-03</internalNodes>
          <leafValues>
            1.7384716868400574e-01 -3.5709080100059509e-01</leafValues></_>
        <_>
          <internalNodes>
            0 -1 59 2.7943300665356219e-04</internalNodes>
          <leafValues>
            -3.4162285923957825e-01 2.2167789936065674e-01</leafValues></_>
        <_>
          <internalNodes>
            0 -1 1 -1.0279296897351742e-02</internalNodes>
          <leafValues>
            3.6734297871589661e-01 -1.6519208252429962e-01</leafValues></_>
        <_>
          <internalNodes>
            0 -1 57 1.8546647625043988e-03</internalNodes>
          <leafValues>
            1.2024265527725220e-01 -4.9940553307533264e-01</leafValues></_>
        <_>
          <internalNodes>
            0 -1 10 9.0456623584032059e-03</internalNodes>
          <leafValues>
            -1.9033209979534149e-01 3.1886565685272217e-01</leafValues></_>
        <_>
          <internalNodes>
            0 -1 45 -1.1209915392100811e-03</internalNodes>
          <leafValues>
            3.9522320032119751e-01 -1.4529021084308624e-01</leafValues></_>
        <_>
          <internalNodes>
            0 -1 62 -2.5058703031390905e-03</internalNodes>
          <leafValues>
            4.2302587628364563e-01 -1.4298276603221893e-01</leafValues></_>
        <_>
          <internalNodes>
            0 -1 2 -5.3891865536570549e-03</internalNodes>
          <leafValues>
            2.7325266599655151e-01 -1.8511974811553955e-01</leafValues></_>
        <_>
          <internalNodes>
            0 -1 75 2.4104360491037369e-02</internalNodes>
          <leafValues>
            -1.3021352887153625e-01 4.4696283340454102e-01</leafValues></_>
        <_>
          <internalNodes>
            0 -1 70 -6.2646605074405670e-03</internalNodes>
          <leafValues>
            2.9653543233871460e-01 -1.8168732523918152e-01</leafValues></_>
        <_>
          <internalNodes>
            0 -1 71 -2.2793535143136978e-02</internalNodes>
          <leafValues>
            4.9757435917854309e-01 -1.0950022935867310e-01</leafValues></_>
        <_>
          <internalNodes>
            0 -1 58 6.3051856122910976e-03</internalNodes>
          <leafValues>
            8.0961741507053375e-02 -6.8457680940628052e-01</leafValues></_>
        <_>
          <internalNodes>
            0 -1 61 -7.7968102414160967e-04</internalNodes>
          <leafValues>
            2.5680395960807800e-01 -2.1323004364967346e-01</leafValues></_>
        <_>
          <internalNodes>
            0 -1 22 -3.9330366998910904e-03</internalNodes>
          <leafValues>
            3.8975256681442261e-01 -1.5582145750522614e-01</leafValues></_></weakClassifiers></_></stages>
  <features>
    <_>
      <rects>
        <_>
          0 5 4 4 -1.</_>
        <_>
          2 5 2 4 2.</_></rects>
      <tilted>0</tilted></_>
    <_>
      <rects>
        <_>
          0 18 14 2 -1.</_>
        <_>
          0 19 14 1 2.</_></rects>
      <tilted>0</tilted></_>
    <_>
      <rects>
        <_>
          2 4 2 6 -1.</_>
        <_>
          2 7 2 3 2.</_></rects>
      <tilted>0</tilted></_>
    <_>
      <rects>
        <_>
          2 4 18 2 -1.</_>
        <_>
          11 4 9 2 2.</_></rects>
      <tilted>0</tilted></_>
    <_>
      <rects>
        <_>
          2 5 6 6 -1.</_>
        <_>
          2 5 3 3 2.</_>
        <_>
          5 8 3 3 2.</_></rects>
      <tilted>0</tilted></_>
    <_>
      <rects>
        <_>
          3 0 7 2 -1.</_>
        <_>
          3 1 7 1 2.</_></rects>
      <tilted>0</tilted></_>
    <_>
      <rects>
        <_>
          3 0 14 4 -1.</_>
        <_>
          3 2 14 2 2.</_></rects>
      <tilted>0</tilted></_>
    <_>
      <rects>
        <_>
          3 9 6 3 -1.</_>
        <_>
          6 9 3 3 2.</_></rects>
      <tilted>0</tilted></_>
    <_>
      <rects>
        <_>
          4 0 10 6 -1.</_>
        <_>
          4 2 10 2 3.</_></rects>
      <tilted>0</tilted></_>
    <_>
      <rects>
        <_>
          4 4 1 2 -1.</_>
        <_>
          4 5 1 1 2.</_></rects>
      <tilted>0</tilted></_>
    <_>
      <rects>
        <_>
          4 4 6 4 -1.</_>
        <_>
          4 4 3 2 2.</_>
        <_>
          7 6 3 2 2.</_></rects>
      <tilted>0</tilted></_>
    <_>
      <rects>
        <_>
          5 0 9 6 -1.</_>
        <_>
          5 2 9 2 3.</_></rects>
      <tilted>0</tilted></_>
    <_>
      <rects>
        <_>
          5 1 4 2 -1.</_>
        <_>
          5 2 4 1 2.</_></rects>
      <tilted>0</tilted></_>
    <_>
      <rects>
        <_>
          5 11 9 3 -1.</_>
        <_>
          8 11 3 3 3.</_></rects>
      <tilted>0</tilted></_>
    <_>
      <rects>
        <_>
          5 14 6 1 -1.</_>
        <_>
          8 14 3 1 2.</_></rects>
      <tilted>0</tilted></_>
    <_>
      <rects>
        <_>
          5 18 9 2 -1.</_>
        <_>
          5 19 9 1 2.</_></rects>
      <tilted>0</tilted></_>
    <_>
      <rects>
        <_>
          6 0 9 6 -1.</_>
        <_>
          6 2 9 2 3.</_></rects>
      <tilted>0</tilted></_>
    <_>
      <rects>
        <_>
          6 6 4 4 -1.</_>
        <_>
          6 6 2 2 2.</_>
        <_>
          8 8 2 2 2.</_></rects>
      <tilted>0</tilted></_>
    <_>
      <rects>
        <_>
          6 11 6 1 -1.</_>
        <_>
          8 11 2 1 3.</_></rects>
      <tilted>0</tilted></_>
    <_>
      <rects>
        <_>
          6 12 2 1 -1.</_>
        <_>
          7 12 1 1 2.</_></rects>
      <tilted>0</tilted></_>
    <_>
      <rects>
        <_>
          7 2 3 2 -1.</_>
        <_>
          7 3 3 1 2.</_></rects>
      <tilted>0</tilted></_>
    <_>
      <rects>
        <_>
          7 12 4 2 -1.</_>
        <_>
          7 12 2 1 2.</_>
        <_>
          9 13 2 1 2.</_></rects>
      <tilted>0</tilted></_>
    <_>
      <rects>
        <_>
          7 17 4 3 -1.</_>
        <_>
          7 18 4 1 3.</_></rects>
      <tilted>0</tilted></_>
    <_>
      <rects>
        <_>
          7 18 8 2 -1.</_>
        <_>
          7 19 8 1 2.</_></rects>
      <tilted>0</tilted></_>
    <_>
      <rects>
        <_>
          8 1 1 3 -1.</_>
        <_>
          8 2 1 1 3.</_></rects>
      <tilted>0</tilted></_>
    <_>
      <rects>
        <_>
          8 1 4 18 -1.</_>
        <_>
          8 7 4 6 3.</_></rects>
      <tilted>0</tilted></_>
    <_>
      <rects>
        <_>
          8 2 1 2 -1.</_>
        <_>
          8 3 1 1 2.</_></rects>
      <tilted>0</tilted></_>
    <_>
      <rects>
        <_>
          8 7 4 1 -1.</_>
        <_>
          10 7 2 1 2.</_></rects>
      <tilted>0</tilted></_>
    <_>
      <rects>
        <_>
          8 7 2 2 -1.</_>
        <_>
          8 8 2 1 2.</_></rects>
      <tilted>0</tilted></_>
    <_>
      <rects>
        <_>
          8 7 4 2 -1.</_>
        <_>
          8 7 2 1 2.</_>
        <_>
          10 8 2 1 2.</_></rects>
      <tilted>0</tilted></_>
    <_>
      <rects>
        <_>
          8 8 3 9 -1.</_>
        <_>
          8 11 3 3 3.</_></rects>
      <tilted>0</tilted></_>
    <_>
      <rects>
        <_>
          8 9 2 6 -1.</_>
        <_>
          8 11 2 2 3.</_></rects>
      <tilted>0</tilted></_>
    <_>
      <rects>
        <_>
          8 10 3 2 -1.</_>
        <_>
          9 10 1 2 3.</_></rects>
      <tilted>0</tilted></_>
    <_>
      <rects>
        <_>
          8 10 3 2 -1.</_>
        <_>
          8 11 3 1 2.</_></rects>
      <tilted>0</tilted></_>
    <_>
      <rects>
        <_>
          8 11 2 1 -1.</_>
        <_>
          9 11 1 1 2.</_></rects>
      <tilted>0</tilted></_>
    <_>
      <rects>
        <_>
          8 11 1 2 -1.</_>
        <_>
          8 12 1 1 2.</_></rects>
      <tilted>0</tilted></_>
    <_>
      <rects>
        <_>
          8 11 3 1 -1.</_>
        <_>
          9 11 1 1 3.</_></rects>
      <tilted>0</tilted></_>
    <_>
      <rects>
        <_>
          8 11 2 2 -1.</_>
        <_>
          8 11 1 1 2.</_>
        <_>
          9 12 1 1 2.</_></rects>
      <tilted>0</tilted></_>
    <_>
      <rects>
        <_>
          8 11 3 2 -1.</_>
        <_>
          9 11 1 2 3.</_></rects>
      <tilted>0</tilted></_>
    <_>
      <rects>
        <_>
          8 11 3 3 -1.</_>
        <_>
          9 11 1 3 3.</_></rects>
      <tilted>0</tilted></_>
    <_>
      <rects>
        <_>
          8 11 3 4 -1.</_>
        <_>
          9 11 1 4 3.</_></rects>
      <tilted>0</tilted></_>
    <_>
      <rects>
        <_>
          8 12 2 1 -1.</_>
        <_>
          9 12 1 1 2.</_></rects>
      <tilted>0</tilted></_>
    <_>
      <rects>
        <_>
          8 12 3 1 -1.</_>
        <_>
          9 12 1 1 3.</_></rects>
      <tilted>0</tilted></_>
    <_>
      <rects>
        <_>
          8 12 3 2 -1.</_>
        <_>
          9 12 1 2 3.</_></rects>
      <tilted>0</tilted></_>
    <_>
      <rects>
        <_>
          8 13 4 2 -1.</_>
        <_>
          8 14 4 1 2.</_></rects>
      <tilted>0</tilted></_>
    <_>
      <rects>
        <_>
          8 17 2 2 -1.</_>
        <_>
          8 17 1 1 2.</_>
        <_>
          9 18 1 1 2.</_></rects>
      <tilted>0</tilted></_>
    <_>
      <rects>
        <_>
          8 17 8 2 -1.</_>
        <_>
          8 17 4 1 2.</_>
        <_>
          12 18 4 1 2.</_></rects>
      <tilted>0</tilted></_>
    <_>
      <rects>
        <_>
          9 0 2 3 -1.</_>
        <_>
          9 1 2 1 3.</_></rects>
      <tilted>0</tilted></_>
    <_>
      <rects>
        <_>
          9 1 3 3 -1.</_>
        <_>
          9 2 3 1 3.</_></rects>
      <tilted>0</tilted></_>
    <_>
      <rects>
        <_>
          9 2 10 4 -1.</_>
        <_>
          9 2 5 2 2.</_>
        <_>
          14 4 5 2 2.</_></rects>
      <tilted>0</tilted></_>
    <_>
      <rects>
        <_>
          9 9 2 6 -1.</_>
        <_>
          9 11 2 2 3.</_></rects>
      <tilted>0</tilted></_>
    <_>
      <rects>
        <_>
          9 9 8 2 -1.</_>
        <_>
          9 9 4 1 2.</_>
        <_>
          13 10 4 1 2.</_></rects>
      <tilted>0</tilted></_>
    <_>
      <rects>
        <_>
          9 10 3 2 -1.</_>
        <_>
          10 10 1 2 3.</_></rects>
      <tilted>0</tilted></_>
    <_>
      <rects>
        <_>
          9 10 3 4 -1.</_>
        <_>
          10 10 1 4 3.</_></rects>
      <tilted>0</tilted></_>
    <_>
      <rects>
        <_>
          9 11 3 1 -1.</_>
        <_>
          10 11 1 1 3.</_></rects>
      <tilted>0</tilted></_>
    <_>
      <rects>
        <_>
          9 11 3 2 -1.</_>
        <_>
          10 11 1 2 3.</_></rects>
      <tilted>0</tilted></_>
    <_>
      <rects>
        <_>
          9 11 3 3 -1.</_>
        <_>
          10 11 1 3 3.</_></rects>
      <tilted>0</tilted></_>
    <_>
      <rects>
        <_>
          9 12 3 1 -1.</_>
        <_>
          10 12 1 1 3.</_></rects>
      <tilted>0</tilted></_>
    <_>
      <rects>
        <_>
          9 12 2 3 -1.</_>
        <_>
          9 13 2 1 3.</_></rects>
      <tilted>0</tilted></_>
    <_>
      <rects>
        <_>
          9 13 3 1 -1.</_>
        <_>
          10 13 1 1 3.</_></rects>
      <tilted>0</tilted></_>
    <_>
      <rects>
        <_>
          9 13 3 6 -1.</_>
        <_>
          9 15 3 2 3.</_></rects>
      <tilted>0</tilted></_>
    <_>
      <rects>
        <_>
          9 14 1 2 -1.</_>
        <_>
          9 15 1 1 2.</_></rects>
      <tilted>0</tilted></_>
    <_>
      <rects>
        <_>
          9 16 2 3 -1.</_>
        <_>
          9 17 2 1 3.</_></rects>
      <tilted>0</tilted></_>
    <_>
      <rects>
        <_>
          10 2 3 3 -1.</_>
        <_>
          10 3 3 1 3.</_></rects>
      <tilted>0</tilted></_>
    <_>
      <rects>
        <_>
          10 10 2 6 -1.</_>
        <_>
          10 12 2 2 3.</_></rects>
      <tilted>0</tilted></_>
    <_>
      <rects>
        <_>
          10 10 4 4 -1.</_>
        <_>
          12 10 2 4 2.</_></rects>
      <tilted>0</tilted></_>
    <_>
      <rects>
        <_>
          10 11 1 2 -1.</_>
        <_>
          10 12 1 1 2.</_></rects>
      <tilted>0</tilted></_>
    <_>
      <rects>
        <_>
          10 12 1 2 -1.</_>
        <_>
          10 13 1 1 2.</_></rects>
      <tilted>0</tilted></_>
    <_>
      <rects>
        <_>
          10 14 4 2 -1.</_>
        <_>
          10 14 2 1 2.</_>
        <_>
          12 15 2 1 2.</_></rects>
      <tilted>0</tilted></_>
    <_>
      <rects>
        <_>
          10 16 1 2 -1.</_>
        <_>
          10 17 1 1 2.</_></rects>
      <tilted>0</tilted></_>
    <_>
      <rects>
        <_>
          11 4 8 2 -1.</_>
        <_>
          15 4 4 2 2.</_></rects>
      <tilted>0</tilted></_>
    <_>
      <rects>
        <_>
          11 6 4 8 -1.</_>
        <_>
          11 6 2 4 2.</_>
        <_>
          13 10 2 4 2.</_></rects>
      <tilted>0</tilted></_>
    <_>
      <rects>
        <_>
          12 3 6 6 -1.</_>
        <_>
          12 3 3 3 2.</_>
        <_>
          15 6 3 3 2.</_></rects>
      <tilted>0</tilted></_>
    <_>
      <rects>
        <_>
          12 8 3 5 -1.</_>
        <_>
          13 8 1 5 3.</_></rects>
      <tilted>0</tilted></_>
    <_>
      <rects>
        <_>
          13 2 1 6 -1.</_>
        <_>
          13 4 1 2 3.</_></rects>
      <tilted>0</tilted></_>
    <_>
      <rects>
        <_>
          14 6 6 3 -1.</_>
        <_>
          16 6 2 3 3.</_></rects>
      <tilted>0</tilted></_>
    <_>
      <rects>
        <_>
          14 10 4 2 -1.</_>
        <_>
          14 11 4 1 2.</_></rects>
      <tilted>0</tilted></_>
    <_>
      <rects>
        <_>
          15 4 1 4 -1.</_>
        <_>
          15 6 1 2 2.</_></rects>
      <tilted>0</tilted></_>
    <_>
      <rects>
        <_>
          15 5 1 2 -1.</_>
        <_>
          15 6 1 1 2.</_></rects>
      <tilted>0</tilted></_>
    <_>
      <rects>
        <_>
          16 2 1 6 -1.</_>
        <_>
          16 4 1 2 3.</_></rects>
      <tilted>0</tilted></_>
    <_>
      <rects>
        <_>
          16 6 2 6 -1.</_>
        <_>
          16 9 2 3 2.</_></rects>
      <tilted>0</tilted></_>
    <_>
      <rects>
        <_>
          17 7 1 9 -1.</_>
        <_>
          17 10 1 3 3.</_></rects>
      <tilted>0</tilted></_>
    <_>
      <rects>
        <_>
          18 6 2 3 -1.</_>
        <_>
          19 6 1 3 2.</_></rects>
      <tilted>0</tilted></_></features></cascade>
</opencv_storage>
