<?xml version="1.0"?>
<opencv_storage>
<cascade>
  <stageType>BOOST</stageType>
  <featureType>HAAR</featureType>
  <height>20</height>
  <width>20</width>
  <stageParams>
    <boostType>GAB</boostType>
    <minHitRate>9.9500000476837158e-01</minHitRate>
    <maxFalseAlarm>5.0000000000000000e-01</maxFalseAlarm>
    <weightTrimRate>9.4999999999999996e-01</weightTrimRate>
    <maxDepth>1</maxDepth>
    <maxWeakCount>100</maxWeakCount></stageParams>
  <featureParams>
    <maxCatCount>0</maxCatCount>
    <featSize>1</featSize>
    <mode>BASIC</mode></featureParams>
  <stageNum>6</stageNum>
  <stages>
    <!-- stage 0 -->
    <_>
      <maxWeakCount>4</maxWeakCount>
      <stageThreshold>-7.9316657781600952e-01</stageThreshold>
      <weakClassifiers>
        <_>
          <internalNodes>
            0 -1 36 3.8746609352529049e-03</internalNodes>
          <leafValues>
            -8.7124460935592651e-01 6.2182939052581787e-01</leafValues></_>
        <_>
          <internalNodes>
            0 -1 18 -7.1789543144404888e-03</internalNodes>
          <leafValues>
            4.4210016727447510e-01 -8.8240754604339600e-01</leafValues></_>
        <_>
          <internalNodes>
            0 -1 8 5.6639879941940308e-02</internalNodes>
          <leafValues>
            -6.3503199815750122e-01 5.3818863630294800e-01</leafValues></_>
        <_>
          <internalNodes>
            0 -1 2 -4.2345747351646423e-03</internalNodes>
          <leafValues>
            4.2229694128036499e-01 -7.9713982343673706e-01</leafValues></_></weakClassifiers></_>
    <!-- stage 1 -->
    <_>
      <maxWeakCount>6</maxWeakCount>
      <stageThreshold>-1.2436522245407104e+00</stageThreshold>
      <weakClassifiers>
        <_>
          <internalNodes>
            0 -1 7 6.9720172323286533e-03</internalNodes>
          <leafValues>
            -9.0814197063446045e-01 4.1748848557472229e-01</leafValues></_>
        <_>
          <internalNodes>
            0 -1 12 -8.3021540194749832e-03</internalNodes>
          <leafValues>
            2.7792990207672119e-01 -8.8814014196395874e-01</leafValues></_>
        <_>
          <internalNodes>
            0 -1 16 8.8677674531936646e-02</internalNodes>
          <leafValues>
            -5.7141506671905518e-01 4.6502199769020081e-01</leafValues></_>
        <_>
          <internalNodes>
            0 -1 32 -3.4799822606146336e-03</internalNodes>
          <leafValues>
            5.5916488170623779e-01 -4.1955313086509705e-01</leafValues></_>
        <_>
          <internalNodes>
            0 -1 26 -8.2188678788952529e-05</internalNodes>
          <leafValues>
            -9.3001180887222290e-01 2.0886339247226715e-01</leafValues></_>
        <_>
          <internalNodes>
            0 -1 1 -4.0809251368045807e-03</internalNodes>
          <leafValues>
            2.9829758405685425e-01 -6.6885250806808472e-01</leafValues></_></weakClassifiers></_>
    <!-- stage 2 -->
    <_>
      <maxWeakCount>8</maxWeakCount>
      <stageThreshold>-1.3737139701843262e+00</stageThreshold>
      <weakClassifiers>
        <_>
          <internalNodes>
            0 -1 41 -2.3797749599907547e-04</internalNodes>
          <leafValues>
            4.1073825955390930e-01 -8.0784314870834351e-01</leafValues></_>
        <_>
          <internalNodes>
            0 -1 31 -1.5109021915122867e-03</internalNodes>
          <leafValues>
            4.3030232191085815e-01 -5.2929544448852539e-01</leafValues></_>
        <_>
          <internalNodes>
            0 -1 37 6.7601308226585388e-02</internalNodes>
          <leafValues>
            -3.5233584046363831e-01 5.3346532583236694e-01</leafValues></_>
        <_>
          <internalNodes>
            0 -1 5 -2.1189709659665823e-03</internalNodes>
          <leafValues>
            3.1655395030975342e-01 -6.3712471723556519e-01</leafValues></_>
        <_>
          <internalNodes>
            0 -1 25 -8.1456161569803953e-04</internalNodes>
          <leafValues>
            -8.7851786613464355e-01 1.6627293825149536e-01</leafValues></_>
        <_>
          <internalNodes>
            0 -1 25 5.4728589020669460e-04</internalNodes>
          <leafValues>
            2.5867956876754761e-01 -6.9410616159439087e-01</leafValues></_>
        <_>
          <internalNodes>
            0 -1 11 -3.5019897040911019e-05</internalNodes>
          <leafValues>
            1.5654927492141724e-01 -8.6125397682189941e-01</leafValues></_>
        <_>
          <internalNodes>
            0 -1 0 7.4750499334186316e-04</internalNodes>
          <leafValues>
            -9.0057051181793213e-01 1.7060521245002747e-01</leafValues></_></weakClassifiers></_>
    <!-- stage 3 -->
    <_>
      <maxWeakCount>9</maxWeakCount>
      <stageThreshold>-8.7940180301666260e-01</stageThreshold>
      <weakClassifiers>
        <_>
          <internalNodes>
            0 -1 24 4.2202817276120186e-03</internalNodes>
          <leafValues>
            -7.2602736949920654e-01 3.8347885012626648e-01</leafValues></_>
        <_>
          <internalNodes>
            0 -1 40 1.5280437655746937e-03</internalNodes>
          <leafValues>
            -4.8433271050453186e-01 4.7620069980621338e-01</leafValues></_>
        <_>
          <internalNodes>
            0 -1 35 -4.6923980698920786e-04</internalNodes>
          <leafValues>
            2.8485721349716187e-01 -6.8962591886520386e-01</leafValues></_>
        <_>
          <internalNodes>
            0 -1 33 -7.1934368461370468e-03</internalNodes>
          <leafValues>
            6.3704746961593628e-01 -3.1472331285476685e-01</leafValues></_>
        <_>
          <internalNodes>
            0 -1 20 -8.9938007295131683e-04</internalNodes>
          <leafValues>
            -9.1736119985580444e-01 2.1569471061229706e-01</leafValues></_>
        <_>
          <internalNodes>
            0 -1 19 9.2600923380814493e-05</internalNodes>
          <leafValues>
            2.3769634962081909e-01 -6.5425819158554077e-01</leafValues></_>
        <_>
          <internalNodes>
            0 -1 15 1.7081513069570065e-03</internalNodes>
          <leafValues>
            -4.3405219912528992e-01 4.0770775079727173e-01</leafValues></_>
        <_>
          <internalNodes>
            0 -1 21 -5.1872273907065392e-03</internalNodes>
          <leafValues>
            -7.4476861953735352e-01 2.6395481824874878e-01</leafValues></_>
        <_>
          <internalNodes>
            0 -1 38 3.6003359127789736e-04</internalNodes>
          <leafValues>
            2.6804393529891968e-01 -6.2200790643692017e-01</leafValues></_></weakClassifiers></_>
    <!-- stage 4 -->
    <_>
      <maxWeakCount>10</maxWeakCount>
      <stageThreshold>-1.1984318494796753e+00</stageThreshold>
      <weakClassifiers>
        <_>
          <internalNodes>
            0 -1 30 3.7346608005464077e-03</internalNodes>
          <leafValues>
            -4.6786922216415405e-01 5.0839090347290039e-01</leafValues></_>
        <_>
          <internalNodes>
            0 -1 28 -1.3672143686562777e-03</internalNodes>
          <leafValues>
            2.4602429568767548e-01 -7.9131555557250977e-01</leafValues></_>
        <_>
          <internalNodes>
            0 -1 10 8.1969909369945526e-03</internalNodes>
          <leafValues>
            -6.7922842502593994e-01 2.5386652350425720e-01</leafValues></_>
        <_>
          <internalNodes>
            0 -1 23 -7.2811637073755264e-03</internalNodes>
          <leafValues>
            4.8699060082435608e-01 -3.3403348922729492e-01</leafValues></_>
        <_>
          <internalNodes>
            0 -1 3 1.2423803855199367e-04</internalNodes>
          <leafValues>
            1.9956718385219574e-01 -7.2174459695816040e-01</leafValues></_>
        <_>
          <internalNodes>
            0 -1 22 4.5502871216740459e-05</internalNodes>
          <leafValues>
            -8.1978350877761841e-01 1.6606636345386505e-01</leafValues></_>
        <_>
          <internalNodes>
            0 -1 19 -7.2068767622113228e-04</internalNodes>
          <leafValues>
            -8.4837079048156738e-01 1.2277995795011520e-01</leafValues></_>
        <_>
          <internalNodes>
            0 -1 17 -2.7013890212401748e-04</internalNodes>
          <leafValues>
            2.3524197936058044e-01 -5.6057411432266235e-01</leafValues></_>
        <_>
          <internalNodes>
            0 -1 34 -4.5038410462439060e-05</internalNodes>
          <leafValues>
            2.3913428187370300e-01 -5.5552446842193604e-01</leafValues></_>
        <_>
          <internalNodes>
            0 -1 9 -4.4359788298606873e-03</internalNodes>
          <leafValues>
            -9.5662283897399902e-01 8.6017020046710968e-02</leafValues></_></weakClassifiers></_>
    <!-- stage 5 -->
    <_>
      <maxWeakCount>10</maxWeakCount>
      <stageThreshold>-1.1513345241546631e+00</stageThreshold>
      <weakClassifiers>
        <_>
          <internalNodes>
            0 -1 29 1.2225288664922118e-03</internalNodes>
          <leafValues>
            -6.7006111145019531e-01 3.0447125434875488e-01</leafValues></_>
        <_>
          <internalNodes>
            0 -1 42 -1.3672007480636239e-03</internalNodes>
          <leafValues>
            2.9742833971977234e-01 -6.4701026678085327e-01</leafValues></_>
        <_>
          <internalNodes>
            0 -1 6 -1.1348611675202847e-02</internalNodes>
          <leafValues>
            2.9057484865188599e-01 -5.7679593563079834e-01</leafValues></_>
        <_>
          <internalNodes>
            0 -1 27 4.3761776760220528e-03</internalNodes>
          <leafValues>
            1.8463042378425598e-01 -7.6744610071182251e-01</leafValues></_>
        <_>
          <internalNodes>
            0 -1 39 3.3336866181343794e-03</internalNodes>
          <leafValues>
            -7.5137239694595337e-01 1.5519046783447266e-01</leafValues></_>
        <_>
          <internalNodes>
            0 -1 44 -8.1090221647173166e-04</internalNodes>
          <leafValues>
            4.6127527952194214e-01 -2.8522646427154541e-01</leafValues></_>
        <_>
          <internalNodes>
            0 -1 13 -4.8969509080052376e-03</internalNodes>
          <leafValues>
            1.8238933384418488e-01 -7.1257466077804565e-01</leafValues></_>
        <_>
          <internalNodes>
            0 -1 4 -5.4341075156116858e-05</internalNodes>
          <leafValues>
            2.1025407314300537e-01 -5.4307353496551514e-01</leafValues></_>
        <_>
          <internalNodes>
            0 -1 14 -3.5154819488525391e-02</internalNodes>
          <leafValues>
            -8.8086605072021484e-01 1.3699324429035187e-01</leafValues></_>
        <_>
          <internalNodes>
            0 -1 43 -5.4145464673638344e-04</internalNodes>
          <leafValues>
            3.0676397681236267e-01 -3.9674428105354309e-01</leafValues></_></weakClassifiers></_></stages>
  <features>
    <_>
      <rects>
        <_>
          4 5 6 7 -1.</_>
        <_>
          7 5 3 7 2.</_></rects>
      <tilted>0</tilted></_>
    <_>
      <rects>
        <_>
          4 6 2 8 -1.</_>
        <_>
          4 10 2 4 2.</_></rects>
      <tilted>0</tilted></_>
    <_>
      <rects>
        <_>
          4 6 3 8 -1.</_>
        <_>
          4 10 3 4 2.</_></rects>
      <tilted>0</tilted></_>
    <_>
      <rects>
        <_>
          4 9 1 2 -1.</_>
        <_>
          4 10 1 1 2.</_></rects>
      <tilted>0</tilted></_>
    <_>
      <rects>
        <_>
          4 10 1 2 -1.</_>
        <_>
          4 11 1 1 2.</_></rects>
      <tilted>0</tilted></_>
    <_>
      <rects>
        <_>
          5 5 1 8 -1.</_>
        <_>
          5 9 1 4 2.</_></rects>
      <tilted>0</tilted></_>
    <_>
      <rects>
        <_>
          5 5 2 10 -1.</_>
        <_>
          5 10 2 5 2.</_></rects>
      <tilted>0</tilted></_>
    <_>
      <rects>
        <_>
          5 8 6 4 -1.</_>
        <_>
          8 8 3 4 2.</_></rects>
      <tilted>0</tilted></_>
    <_>
      <rects>
        <_>
          5 8 12 5 -1.</_>
        <_>
          9 8 4 5 3.</_></rects>
      <tilted>0</tilted></_>
    <_>
      <rects>
        <_>
          6 4 4 6 -1.</_>
        <_>
          8 4 2 6 2.</_></rects>
      <tilted>0</tilted></_>
    <_>
      <rects>
        <_>
          6 4 6 8 -1.</_>
        <_>
          6 4 3 4 2.</_>
        <_>
          9 8 3 4 2.</_></rects>
      <tilted>0</tilted></_>
    <_>
      <rects>
        <_>
          6 4 8 2 -1.</_>
        <_>
          10 4 4 2 2.</_></rects>
      <tilted>0</tilted></_>
    <_>
      <rects>
        <_>
          6 4 10 2 -1.</_>
        <_>
          11 4 5 2 2.</_></rects>
      <tilted>0</tilted></_>
    <_>
      <rects>
        <_>
          6 5 10 1 -1.</_>
        <_>
          11 5 5 1 2.</_></rects>
      <tilted>0</tilted></_>
    <_>
      <rects>
        <_>
          6 7 4 6 -1.</_>
        <_>
          6 10 4 3 2.</_></rects>
      <tilted>0</tilted></_>
    <_>
      <rects>
        <_>
          6 10 3 1 -1.</_>
        <_>
          7 10 1 1 3.</_></rects>
      <tilted>0</tilted></_>
    <_>
      <rects>
        <_>
          7 1 5 18 -1.</_>
        <_>
          7 7 5 6 3.</_></rects>
      <tilted>0</tilted></_>
    <_>
      <rects>
        <_>
          7 3 4 1 -1.</_>
        <_>
          9 3 2 1 2.</_></rects>
      <tilted>0</tilted></_>
    <_>
      <rects>
        <_>
          7 4 8 3 -1.</_>
        <_>
          11 4 4 3 2.</_></rects>
      <tilted>0</tilted></_>
    <_>
      <rects>
        <_>
          8 3 2 1 -1.</_>
        <_>
          9 3 1 1 2.</_></rects>
      <tilted>0</tilted></_>
    <_>
      <rects>
        <_>
          8 3 3 1 -1.</_>
        <_>
          9 3 1 1 3.</_></rects>
      <tilted>0</tilted></_>
    <_>
      <rects>
        <_>
          8 3 4 2 -1.</_>
        <_>
          10 3 2 2 2.</_></rects>
      <tilted>0</tilted></_>
    <_>
      <rects>
        <_>
          8 3 3 4 -1.</_>
        <_>
          8 5 3 2 2.</_></rects>
      <tilted>0</tilted></_>
    <_>
      <rects>
        <_>
          8 12 4 2 -1.</_>
        <_>
          8 13 4 1 2.</_></rects>
      <tilted>0</tilted></_>
    <_>
      <rects>
        <_>
          9 2 2 6 -1.</_>
        <_>
          9 5 2 3 2.</_></rects>
      <tilted>0</tilted></_>
    <_>
      <rects>
        <_>
          9 3 3 1 -1.</_>
        <_>
          10 3 1 1 3.</_></rects>
      <tilted>0</tilted></_>
    <_>
      <rects>
        <_>
          9 3 3 8 -1.</_>
        <_>
          9 7 3 4 2.</_></rects>
      <tilted>0</tilted></_>
    <_>
      <rects>
        <_>
          9 4 1 4 -1.</_>
        <_>
          9 6 1 2 2.</_></rects>
      <tilted>0</tilted></_>
    <_>
      <rects>
        <_>
          9 4 6 1 -1.</_>
        <_>
          12 4 3 1 2.</_></rects>
      <tilted>0</tilted></_>
    <_>
      <rects>
        <_>
          9 5 2 4 -1.</_>
        <_>
          9 7 2 2 2.</_></rects>
      <tilted>0</tilted></_>
    <_>
      <rects>
        <_>
          9 7 3 3 -1.</_>
        <_>
          9 8 3 1 3.</_></rects>
      <tilted>0</tilted></_>
    <_>
      <rects>
        <_>
          9 9 2 3 -1.</_>
        <_>
          9 10 2 1 3.</_></rects>
      <tilted>0</tilted></_>
    <_>
      <rects>
        <_>
          9 9 3 3 -1.</_>
        <_>
          9 10 3 1 3.</_></rects>
      <tilted>0</tilted></_>
    <_>
      <rects>
        <_>
          9 12 4 2 -1.</_>
        <_>
          9 13 4 1 2.</_></rects>
      <tilted>0</tilted></_>
    <_>
      <rects>
        <_>
          10 3 2 1 -1.</_>
        <_>
          11 3 1 1 2.</_></rects>
      <tilted>0</tilted></_>
    <_>
      <rects>
        <_>
          10 3 4 1 -1.</_>
        <_>
          12 3 2 1 2.</_></rects>
      <tilted>0</tilted></_>
    <_>
      <rects>
        <_>
          10 3 2 6 -1.</_>
        <_>
          10 6 2 3 2.</_></rects>
      <tilted>0</tilted></_>
    <_>
      <rects>
        <_>
          10 3 3 15 -1.</_>
        <_>
          10 8 3 5 3.</_></rects>
      <tilted>0</tilted></_>
    <_>
      <rects>
        <_>
          10 4 3 1 -1.</_>
        <_>
          11 4 1 1 3.</_></rects>
      <tilted>0</tilted></_>
    <_>
      <rects>
        <_>
          10 4 2 6 -1.</_>
        <_>
          10 7 2 3 2.</_></rects>
      <tilted>0</tilted></_>
    <_>
      <rects>
        <_>
          10 9 2 3 -1.</_>
        <_>
          11 9 1 3 2.</_></rects>
      <tilted>0</tilted></_>
    <_>
      <rects>
        <_>
          11 4 4 1 -1.</_>
        <_>
          13 4 2 1 2.</_></rects>
      <tilted>0</tilted></_>
    <_>
      <rects>
        <_>
          11 5 6 1 -1.</_>
        <_>
          14 5 3 1 2.</_></rects>
      <tilted>0</tilted></_>
    <_>
      <rects>
        <_>
          15 3 2 2 -1.</_>
        <_>
          15 4 2 1 2.</_></rects>
      <tilted>0</tilted></_>
    <_>
      <rects>
        <_>
          15 5 1 4 -1.</_>
        <_>
          15 7 1 2 2.</_></rects>
      <tilted>0</tilted></_></features></cascade>
</opencv_storage>
