<?xml version="1.0"?>
<opencv_storage>
<stage3>
  <maxWeakCount>5</maxWeakCount>
  <stageThreshold>-1.0944656133651733e+00</stageThreshold>
  <weakClassifiers>
    <_>
      <internalNodes>
        0 -1 39787 -1.0596302337944508e-02</internalNodes>
      <leafValues>
        6.7574578523635864e-01 -4.2392188310623169e-01</leafValues></_>
    <_>
      <internalNodes>
        0 -1 37555 1.2292957399040461e-03</internalNodes>
      <leafValues>
        -8.7036484479904175e-01 3.4009659290313721e-01</leafValues></_>
    <_>
      <internalNodes>
        0 -1 3990 3.9692357182502747e-02</internalNodes>
      <leafValues>
        -4.6022623777389526e-01 6.2295675277709961e-01</leafValues></_>
    <_>
      <internalNodes>
        0 -1 51769 -7.4816923588514328e-03</internalNodes>
      <leafValues>
        -8.6446899175643921e-01 3.3057141304016113e-01</leafValues></_>
    <_>
      <internalNodes>
        0 -1 57849 -4.5430106110870838e-03</internalNodes>
      <leafValues>
        3.1405493617057800e-01 -6.8827086687088013e-01</leafValues></_></weakClassifiers></stage3>
</opencv_storage>
