<?xml version="1.0"?>
<opencv_storage>
<stage0>
  <maxWeakCount>4</maxWeakCount>
  <stageThreshold>-7.6658165454864502e-01</stageThreshold>
  <weakClassifiers>
    <_>
      <internalNodes>
        0 -1 51856 1.2440081685781479e-02</internalNodes>
      <leafValues>
        -9.5645409822463989e-01 4.9420586228370667e-01</leafValues></_>
    <_>
      <internalNodes>
        0 -1 45012 -2.9515812173485756e-02</internalNodes>
      <leafValues>
        7.3344963788986206e-01 -5.0367909669876099e-01</leafValues></_>
    <_>
      <internalNodes>
        0 -1 56662 -1.6770124202594161e-03</internalNodes>
      <leafValues>
        3.7306189537048340e-01 -9.3106174468994141e-01</leafValues></_>
    <_>
      <internalNodes>
        0 -1 56915 -2.6184326270595193e-04</internalNodes>
      <leafValues>
        -9.4364142417907715e-01 3.2048970460891724e-01</leafValues></_></weakClassifiers></stage0>
</opencv_storage>
