<?xml version="1.0"?>
<opencv_storage>
<stage4>
  <maxWeakCount>6</maxWeakCount>
  <stageThreshold>-6.4152818918228149e-01</stageThreshold>
  <weakClassifiers>
    <_>
      <internalNodes>
        0 -1 42959 4.0735108777880669e-03</internalNodes>
      <leafValues>
        2.9743927717208862e-01 -9.4968551397323608e-01</leafValues></_>
    <_>
      <internalNodes>
        0 -1 41388 1.0848406236618757e-03</internalNodes>
      <leafValues>
        -8.4093666076660156e-01 2.5292557477951050e-01</leafValues></_>
    <_>
      <internalNodes>
        0 -1 52946 -1.8696015467867255e-03</internalNodes>
      <leafValues>
        2.3489321768283844e-01 -9.5709294080734253e-01</leafValues></_>
    <_>
      <internalNodes>
        0 -1 55754 -1.1440490372478962e-02</internalNodes>
      <leafValues>
        -8.8200777769088745e-01 2.5273409485816956e-01</leafValues></_>
    <_>
      <internalNodes>
        0 -1 56122 -2.7139874873682857e-04</internalNodes>
      <leafValues>
        2.2174535691738129e-01 -9.6379739046096802e-01</leafValues></_>
    <_>
      <internalNodes>
        0 -1 76249 -1.3888518325984478e-02</internalNodes>
      <leafValues>
        4.8060098290443420e-01 -4.7669577598571777e-01</leafValues></_></weakClassifiers></stage4>
</opencv_storage>
