<?xml version="1.0"?>
<opencv_storage>
<stage2>
  <maxWeakCount>4</maxWeakCount>
  <stageThreshold>-9.0842783451080322e-01</stageThreshold>
  <weakClassifiers>
    <_>
      <internalNodes>
        0 -1 48282 6.9139534607529640e-03</internalNodes>
      <leafValues>
        3.6965516209602356e-01 -9.7454547882080078e-01</leafValues></_>
    <_>
      <internalNodes>
        0 -1 76170 -1.5646006911993027e-02</internalNodes>
      <leafValues>
        6.2168329954147339e-01 -5.3947782516479492e-01</leafValues></_>
    <_>
      <internalNodes>
        0 -1 53020 -1.0772584937512875e-04</internalNodes>
      <leafValues>
        3.3642044663429260e-01 -8.8519442081451416e-01</leafValues></_>
    <_>
      <internalNodes>
        0 -1 43013 1.2148269452154636e-02</internalNodes>
      <leafValues>
        2.6917499303817749e-01 -9.2089861631393433e-01</leafValues></_></weakClassifiers></stage2>
</opencv_storage>
