<?xml version="1.0"?>
<opencv_storage>
<stage1>
  <maxWeakCount>4</maxWeakCount>
  <stageThreshold>-8.6571872234344482e-01</stageThreshold>
  <weakClassifiers>
    <_>
      <internalNodes>
        0 -1 48537 6.0119084082543850e-04</internalNodes>
      <leafValues>
        3.3378016948699951e-01 -9.8031497001647949e-01</leafValues></_>
    <_>
      <internalNodes>
        0 -1 45537 2.6722386479377747e-02</internalNodes>
      <leafValues>
        -4.8444724082946777e-01 7.5684589147567749e-01</leafValues></_>
    <_>
      <internalNodes>
        0 -1 48271 -1.4830867294222116e-03</internalNodes>
      <leafValues>
        -9.6908217668533325e-01 3.6811450123786926e-01</leafValues></_>
    <_>
      <internalNodes>
        0 -1 43350 1.6434898134320974e-03</internalNodes>
      <leafValues>
        2.3092897236347198e-01 -9.8063564300537109e-01</leafValues></_></weakClassifiers></stage1>
</opencv_storage>
